,serialNumber
0,20UPBBB0000806
1,20UPBBB0000807
2,20UPBBB0000808
3,20UPBBB0000809
4,20UPBBB0000810
5,20UPBBB0000811
6,20UPBBB0000812
7,20UPBBB0000813
8,20UPBBB0000814
9,20UPBBB0000815
10,20UPBBB0000816
11,20UPBBB0000817
12,20UPBBB0000818
13,20UPBBB0000819
14,20UPBBB0000820
15,20UPBBB0000821
16,20UPBBB0000822
17,20UPBBB0000823
18,20UPBBB0000824
19,20UPBBB0000825
20,20UPBBB0000826
21,20UPBBB0000827
22,20UPBBB0000828
23,20UPBBB0000829
24,20UPBBB0000830
25,20UPBBB0000831
26,20UPBBB0000832
27,20UPBBB0000833
28,20UPBBB0000834
29,20UPBBB0000835
30,20UPBBB0000836
31,20UPBBB0000837
32,20UPBBB0000838
33,20UPBBB0000839
34,20UPBBB0000840
35,20UPBBB0000841
36,20UPBBB0000842
37,20UPBBB0000843
38,20UPBBB0000844
39,20UPBBB0000845
40,20UPBBB0000846
41,20UPBBB0000847
42,20UPBBB0000848
43,20UPBBB0000849
44,20UPBBB0000850
45,20UPBBB0000851
46,20UPBBB0000852
47,20UPBBB0000853
48,20UPBBB0000854
49,20UPBBB0000855
50,20UPBBB0000856
51,20UPBBB0000857
52,20UPBBB0000858
53,20UPBBB0000859
54,20UPBBB0000860
55,20UPBBB0000861
56,20UPBBB0000862
57,20UPBBB0000863
58,20UPBBB0000864
59,20UPBBB0000865
60,20UPBBB0000866
61,20UPBBB0000867
62,20UPBBB0000868
63,20UPBBB0000869
64,20UPBBB0000870
65,20UPBBB0000871
66,20UPBBB0000872
67,20UPBBB0000873
68,20UPBBB0000874
69,20UPBBB0000875
70,20UPBBB0000876
71,20UPBBB0000877
72,20UPBBB0000878
73,20UPBBB0000879
74,20UPBBB0000880
75,20UPBBB0000881
76,20UPBBB0000882
77,20UPBBB0000883
78,20UPBBB0000884
79,20UPBBB0000885
80,20UPBBB0000886
81,20UPBBB0000887
82,20UPBBB0000888
83,20UPBBB0000889
84,20UPBBB0000890
85,20UPBBB0000891
86,20UPBBB0000892
87,20UPBBB0000893
88,20UPBBB0000894
89,20UPBBB0000895
90,20UPBBB0000896
91,20UPBBB0000897
92,20UPBBB0000898
93,20UPBBB0000899
94,20UPBBB0000900
95,20UPBBB0000901
96,20UPBBB0000902
97,20UPBBB0000903
98,20UPBBB0000904
99,20UPBBB0000905
100,20UPBBB0000906
101,20UPBBB0000907
102,20UPBBB0000908
103,20UPBBB0000909
104,20UPBBB0000910
105,20UPBBB0000911
106,20UPBBB0000912
107,20UPBBB0000913
108,20UPBBB0000914
109,20UPBBB0000915
110,20UPBBB0000916
111,20UPBBB0000917
112,20UPBBB0000918
113,20UPBBB0000919
114,20UPBBB0000920
115,20UPBBB0000921
116,20UPBBB0000922
117,20UPBBB0000923
118,20UPBBB0000924
119,20UPBBB0000925
120,20UPBBB0000926
121,20UPBBB0000927
122,20UPBBB0000928
123,20UPBBB0000929
124,20UPBBB0000930
125,20UPBBB0000931
126,20UPBBB0000932
127,20UPBBB0000933
128,20UPBBB0000934
129,20UPBBB0000935
130,20UPBBB0000936
131,20UPBBB0000937
132,20UPBBB0000938
133,20UPBBB0000939
134,20UPBBB0000940
135,20UPBBB0000941
136,20UPBBB0000942
137,20UPBBB0000943
138,20UPBBB0000944
139,20UPBBB0000945
140,20UPBBB0000946
141,20UPBBB0000947
142,20UPBBB0000948
143,20UPBBB0000949
144,20UPBBB0000950
145,20UPBBB0000951
146,20UPBBB0000952
147,20UPBBB0000953
148,20UPBBB0000954
149,20UPBBB0000955
150,20UPBBB0000956
151,20UPBBB0000957
152,20UPBBB0000958
153,20UPBBB0000959
154,20UPBBB0000960
155,20UPBBB0000961
156,20UPBBB0000962
157,20UPBBB0000963
158,20UPBBB0000964
159,20UPBBB0000965
160,20UPBBB0000966
161,20UPBBB0000967
162,20UPBBB0000968
163,20UPBBB0000969
164,20UPBBB0000970
165,20UPBBB0000971
166,20UPBBB0000972
167,20UPBBB0000973
168,20UPBBB0000974
169,20UPBBB0000975
170,20UPBBB0000976
171,20UPBBB0000977
172,20UPBBB0000978
173,20UPBBB0000979
174,20UPBBB0000980
175,20UPBBB0000981
176,20UPBBB0000982
177,20UPBBB0000983
178,20UPBBB0000984
179,20UPBBB0000985
180,20UPBBB0000986
181,20UPBBB0000987
182,20UPBBB0000988
183,20UPBBB0000989
184,20UPBBB0000990
185,20UPBBB0000991
186,20UPBBB0000992
187,20UPBBB0000993
188,20UPBBB0000994
189,20UPBBB0000995
190,20UPBBB0000996
191,20UPBBB0000997
192,20UPBBB0000998
193,20UPBBB0000999
194,20UPBBB0001000
195,20UPBBB0001001
196,20UPBBB0001002
197,20UPBBB0001003
198,20UPBBB0001004
199,20UPBBB0001005
200,20UPBBB0001006
201,20UPBBB0001007
202,20UPBBB0001008
203,20UPBBB0001009
204,20UPBBB0001010
205,20UPBBB0001011
206,20UPBBB0001012
207,20UPBBB0001013
208,20UPBBB0001014
209,20UPBBB0001015
210,20UPBBB0001016
211,20UPBBB0001017
212,20UPBBB0001018
213,20UPBBB0001019
214,20UPBBB0001020
215,20UPBBB0001021
216,20UPBBB0001022
217,20UPBBB0001023
218,20UPBBB0001024
219,20UPBBB0001025
220,20UPBBB0001026
221,20UPBBB0001027
222,20UPBBB0001028
223,20UPBBB0001029
224,20UPBBB0001030
225,20UPBBB0001031
226,20UPBBB0001032
227,20UPBBB0001033
228,20UPBBB0001034
229,20UPBBB0001035
230,20UPBBB0001036
231,20UPBBB0001037
232,20UPBBB0001038
233,20UPBBB0001039
234,20UPBBB0001040
235,20UPBBB0001041
236,20UPBBB0001042
237,20UPBBB0001043
238,20UPBBB0001044
239,20UPBBB0001045
240,20UPBBB0001046
241,20UPBBB0001047
242,20UPBBB0001048
243,20UPBBB0001049
244,20UPBBB0001050
245,20UPBBB0001051
246,20UPBBB0001052
247,20UPBBB0001053
248,20UPBBB0001054
249,20UPBBB0001055
250,20UPBBB0001056
251,20UPBBB0001057
252,20UPBBB0001058
253,20UPBBB0001059
254,20UPBBB0001060
255,20UPBBB0001061
256,20UPBBB0001062
257,20UPBBB0001063
258,20UPBBB0001064
259,20UPBBB0001065
260,20UPBBB0001066
261,20UPBBB0001067
262,20UPBBB0001068
263,20UPBBB0001069
264,20UPBBB0001070
265,20UPBBB0001071
266,20UPBBB0001072
267,20UPBBB0001073
268,20UPBBB0001074
269,20UPBBB0001075
270,20UPBBB0001076
271,20UPBBB0001077
272,20UPBBB0001078
273,20UPBBB0001079
274,20UPBBB0001080
275,20UPBBB0001081
276,20UPBBB0001082
277,20UPBBB0001083
278,20UPBBB0001084
279,20UPBBB0001085
280,20UPBBB0001086
281,20UPBBB0001087
282,20UPBBB0001088
283,20UPBBB0001089
284,20UPBBB0001090
285,20UPBBB0001091
286,20UPBBB0001092
287,20UPBBB0001093
288,20UPBBB0001094
289,20UPBBB0001095
290,20UPBBB0001096
291,20UPBBB0001097
292,20UPBBB0001098
293,20UPBBB0001099
294,20UPBBB0001100
295,20UPBBB0001101
296,20UPBBB0001102
297,20UPBBB0001103
298,20UPBBB0001104
299,20UPBBB0001105
300,20UPBBB0001106
301,20UPBBB0001107
302,20UPBBB0001108
303,20UPBBB0001109
304,20UPBBB0001110
305,20UPBBB0001111
306,20UPBBB0001112
307,20UPBBB0001113
308,20UPBBB0001114
309,20UPBBB0001115
310,20UPBBB0001116
311,20UPBBB0001117
312,20UPBBB0001118
313,20UPBBB0001119
314,20UPBBB0001120
315,20UPBBB0001121
316,20UPBBB0001122
317,20UPBBB0001123
318,20UPBBB0001124
319,20UPBBB0001125
320,20UPBBB0001126
321,20UPBBB0001127
322,20UPBBB0001128
323,20UPBBB0001129
324,20UPBBB0001130
325,20UPBBB0001131
326,20UPBBB0001132
327,20UPBBB0001133
328,20UPBBB0001134
329,20UPBBB0001135
330,20UPBBB0001136
331,20UPBBB0001137
332,20UPBBB0001138
333,20UPBBB0001139
334,20UPBBB0001140
335,20UPBBB0001141
336,20UPBBB0001142
337,20UPBBB0001143
338,20UPBBB0001144
339,20UPBBB0001145
340,20UPBBB0001146
341,20UPBBB0001147
342,20UPBBB0001148
343,20UPBBB0001149
344,20UPBBB0001150
345,20UPBBB0001151
346,20UPBBB0001152
347,20UPBBB0001153
348,20UPBBB0001154
349,20UPBBB0001155
350,20UPBBB0001156
351,20UPBBB0001157
352,20UPBBB0001158
353,20UPBBB0001159
354,20UPBBB0001160
355,20UPBBB0001161
356,20UPBBB0001162
357,20UPBBB0001163
358,20UPBBB0001164
359,20UPBBB0001165
360,20UPBBB0001166
361,20UPBBB0001167
362,20UPBBB0001168
363,20UPBBB0001169
364,20UPBBB0001170
365,20UPBBB0001171
366,20UPBBB0001172
367,20UPBBB0001173
368,20UPBBB0001174
369,20UPBBB0001175
370,20UPBBB0001176
371,20UPBBB0001177
372,20UPBBB0001178
373,20UPBBB0001179
374,20UPBBB0001180
375,20UPBBB0001181
376,20UPBBB0001182
377,20UPBBB0001183
378,20UPBBB0001184
379,20UPBBB0001185
380,20UPBBB0001186
381,20UPBBB0001187
382,20UPBBB0001188
383,20UPBBB0001189
384,20UPBBB0001190
385,20UPBBB0001191
386,20UPBBB0001192
387,20UPBBB0001193
388,20UPBBB0001194
389,20UPBBB0001195
390,20UPBBB0001196
391,20UPBBB0001197
392,20UPBBB0001198
393,20UPBBB0001199
394,20UPBBB0001200
395,20UPBBB0001201
396,20UPBBB0001202
397,20UPBBB0001203
398,20UPBBB0001204
399,20UPBBB0001205
400,20UPBBB0001206
401,20UPBBB0001207
402,20UPBBB0001208
403,20UPBBB0001209
404,20UPBBB0001210
405,20UPBBB0001211
406,20UPBBB0001212
407,20UPBBB0001213
408,20UPBBB0001214
409,20UPBBB0001215
410,20UPBBB0001216
411,20UPBBB0001217
412,20UPBBB0001218
413,20UPBBB0001219
414,20UPBBB0001220
415,20UPBBB0001221
416,20UPBBB0001222
417,20UPBBB0001223
418,20UPBBB0001224
419,20UPBBB0001225
420,20UPBBB0001226
421,20UPBBB0001227
422,20UPBBB0001228
423,20UPBBB0001229
424,20UPBBB0001230
425,20UPBBB0001231
426,20UPBBB0001232
427,20UPBBB0001233
428,20UPBBB0001234
429,20UPBBB0001235
430,20UPBBB0001236
431,20UPBBB0001237
432,20UPBBB0001238
433,20UPBBB0001239
434,20UPBBB0001240
435,20UPBBB0001241
436,20UPBBB0001242
437,20UPBBB0001243
438,20UPBBB0001244
439,20UPBBB0001245
440,20UPBBB0001246
441,20UPBBB0001247
442,20UPBBB0001248
443,20UPBBB0001249
444,20UPBBB0001250
445,20UPBBB0001251
446,20UPBBB0001252
447,20UPBBB0001253
448,20UPBBB0001254
449,20UPBBB0001255
450,20UPBBB0001256
451,20UPBBB0001257
452,20UPBBB0001258
453,20UPBBB0001259
454,20UPBBB0001260
455,20UPBBB0001261
456,20UPBBB0001262
457,20UPBBB0001263
458,20UPBBB0001264
459,20UPBBB0001265
460,20UPBBB0001266
461,20UPBBB0001267
462,20UPBBB0001268
463,20UPBBB0001269
464,20UPBBB0001270
465,20UPBBB0001271
466,20UPBBB0001272
467,20UPBBB0001273
468,20UPBBB0001274
469,20UPBBB0001275
470,20UPBBB0001276
471,20UPBBB0001277
472,20UPBBB0001278
473,20UPBBB0001279
474,20UPBBB0001280
475,20UPBBB0001281
476,20UPBBB0001282
477,20UPBBB0001283
478,20UPBBB0001284
479,20UPBBB0001285
480,20UPBBB0001286
481,20UPBBB0001287
482,20UPBBB0001288
483,20UPBBB0001289
484,20UPBBB0001290
485,20UPBBB0001291
486,20UPBBB0001292
487,20UPBBB0001293
488,20UPBBB0001294
489,20UPBBB0001295
490,20UPBBB0001296
491,20UPBBB0001297
492,20UPBBB0001298
493,20UPBBB0001299
494,20UPBBB0001300
495,20UPBBB0001301
496,20UPBBB0001302
497,20UPBBB0001303
498,20UPBBB0001304
499,20UPBBB0001305
500,20UPBBB0001306
501,20UPBBB0001307
502,20UPBBB0001308
503,20UPBBB0001309
504,20UPBBB0001310
505,20UPBBB0001311
506,20UPBBB0001312
507,20UPBBB0001313
508,20UPBBB0001314
509,20UPBBB0001315
510,20UPBBB0001316
511,20UPBBB0001317
512,20UPBBB0001318
513,20UPBBB0001319
514,20UPBBB0001320
515,20UPBBB0001321
516,20UPBBB0001322
517,20UPBBB0001323
518,20UPBBB0001324
519,20UPBBB0001325
520,20UPBBB0001326
521,20UPBBB0001327
522,20UPBBB0001328
523,20UPBBB0001329
524,20UPBBB0001330
525,20UPBBB0001331
526,20UPBBB0001332
527,20UPBBB0001333
528,20UPBBB0001334
529,20UPBBB0001335
530,20UPBBB0001336
531,20UPBBB0001337
532,20UPBBB0001338
533,20UPBBB0001339
534,20UPBBB0001340
535,20UPBBB0001341
536,20UPBBB0001342
537,20UPBBB0001343
538,20UPBBB0001344
539,20UPBBB0001345
540,20UPBBB0001346
541,20UPBBB0001347
542,20UPBBB0001348
543,20UPBBB0001349
544,20UPBBB0001350
545,20UPBBB0001351
546,20UPBBB0001352
547,20UPBBB0001353
548,20UPBBB0001354
549,20UPBBB0001355
550,20UPBBB0001356
551,20UPBBB0001357
552,20UPBBB0001358
553,20UPBBB0001359
554,20UPBBB0001360
555,20UPBBB0001361
556,20UPBBB0001362
557,20UPBBB0001363
558,20UPBBB0001364
559,20UPBBB0001365
560,20UPBBB0001366
561,20UPBBB0001367
562,20UPBBB0001368
563,20UPBBB0001369
564,20UPBBB0001370
565,20UPBBB0001371
566,20UPBBB0001372
567,20UPBBB0001373
568,20UPBBB0001374
569,20UPBBB0001375
570,20UPBBB0001376
571,20UPBBB0001377
572,20UPBBB0001378
573,20UPBBB0001379
574,20UPBBB0001380
575,20UPBBB0001381
576,20UPBBB0001382
577,20UPBBB0001383
578,20UPBBB0001384
579,20UPBBB0001385
580,20UPBBB0001386
581,20UPBBB0001387
582,20UPBBB0001388
583,20UPBBB0001389
584,20UPBBB0001390
585,20UPBBB0001391
586,20UPBBB0001392
587,20UPBBB0001393
588,20UPBBB0001394
589,20UPBBB0001395
590,20UPBBB0001396
591,20UPBBB0001397
592,20UPBBB0001398
593,20UPBBB0001399
594,20UPBBB0001400
595,20UPBBB0001401
596,20UPBBB0001402
597,20UPBBB0001403
598,20UPBBB0001404
599,20UPBBB0001405
